{
  "timestamp": "2025-04-05T10:41:06.214129",
  "summary": {
    "total": 13,
    "correct": 6,
    "wrong": 7,
    "mixed_correct": 5,
    "mixed_wrong": 5,
    "non_mixed_correct": 1,
    "non_mixed_wrong": 2,
    "time_taken": 4.688748598098755,
    "accuracy": 0.46153846153846156,
    "mixed_accuracy": 0.5,
    "non_mixed_accuracy": 0.3333333333333333
  },
  "results": [
    {
      "phrase": "While I am excited about the new project, I am also nervous about the tight deadline",
      "expected": "mixed",
      "detected": "mixed",
      "correct": true,
      "expected_emotions": [
        "happy",
        "fearful"
      ],
      "top_emotions": [
        "fearful",
        "happy",
        "excited"
      ],
      "match_rate": 1.0,
      "emotions": {
        "happy": 0.1902936668147778,
        "angry": 0.026979721831427817,
        "fearful": 0.23085101638756805,
        "disgusted": 0.020887654064466077,
        "confused": 0.023699875342545185,
        "excited": 0.061667935614692165,
        "anxious": 0.030658774808440706,
        "calm": 0.008584456946363396,
        "embarrassed": 0.008584456946363396,
        "amused": 0.029005109932379983,
        "inspired": 0.027191838690973,
        "satisfied": 0.048419652034944895,
        "frustrated": 0.022226675239815384,
        "contemplative": 0.02212617682879978,
        "mixed": 0.2488229885164423
      },
      "intensity": 0.4478813793295961,
      "metadata": {
        "source": "rule-based",
        "confidence": 0.2488229885164423,
        "context_length": 0,
        "pattern_strength": 1.02,
        "mixed_emotion_info": {
          "is_mixed": true,
          "detected_patterns": [
            {
              "pattern": "excitement-anxiety",
              "keywords1": [
                "excited"
              ],
              "keywords2": [
                "nervous",
                "deadline"
              ],
              "context_cues": [
                "while",
                "also"
              ],
              "weight": 9.5
            }
          ],
          "top_emotions": [
            {
              "emotion": "mixed",
              "score": 0.2488229885164423
            },
            {
              "emotion": "fearful",
              "score": 0.23085101638756805
            },
            {
              "emotion": "happy",
              "score": 0.1902936668147778
            }
          ]
        }
      }
    },
    {
      "phrase": "The bittersweet feeling of graduating - proud of my accomplishments but sad to leave friends behind",
      "expected": "mixed",
      "detected": "mixed",
      "correct": true,
      "expected_emotions": [
        "proud",
        "sad"
      ],
      "top_emotions": [
        "sad",
        "proud",
        "happy"
      ],
      "match_rate": 1.0,
      "emotions": {
        "happy": 0.08421905752016977,
        "sad": 0.2875521242482707,
        "angry": 0.06842561051871007,
        "fearful": 0.011963456865307604,
        "anxious": 0.00957958547261941,
        "bored": 0.02235236610277862,
        "grateful": 0.01117618305138931,
        "lonely": 0.012855583463504766,
        "proud": 0.09334646453546265,
        "amused": 0.019443364738653435,
        "inspired": 0.025118434884713287,
        "satisfied": 0.06631182132049467,
        "frustrated": 0.01732423533857447,
        "mixed": 0.27033171193935124
      },
      "intensity": 0.5175938236468872,
      "metadata": {
        "source": "rule-based",
        "confidence": 0.2875521242482707,
        "context_length": 0,
        "pattern_strength": 1.0200000000000002,
        "mixed_emotion_info": {
          "is_mixed": true,
          "detected_patterns": [
            {
              "pattern": "bittersweet",
              "keywords1": [
                "proud",
                "accomplishments"
              ],
              "keywords2": [
                "sad",
                "bittersweet",
                "leave",
                "behind",
                "end"
              ],
              "context_cues": [
                "but",
                "bittersweet"
              ],
              "weight": 11.4
            },
            {
              "pattern": "angry-disappointment",
              "keywords1": [
                "sad"
              ],
              "keywords2": [
                "bitter"
              ],
              "context_cues": [
                "but"
              ],
              "weight": 11.4
            }
          ],
          "top_emotions": [
            {
              "emotion": "sad",
              "score": 0.2875521242482707
            },
            {
              "emotion": "mixed",
              "score": 0.27033171193935124
            },
            {
              "emotion": "proud",
              "score": 0.09334646453546265
            }
          ]
        }
      }
    },
    {
      "phrase": "I feel both happy that I won and sorry for my opponent",
      "expected": "mixed",
      "detected": "mixed",
      "correct": true,
      "expected_emotions": [
        "happy",
        "sad"
      ],
      "top_emotions": [
        "sad",
        "happy",
        "satisfied"
      ],
      "match_rate": 1.0,
      "emotions": {
        "happy": 0.08403237895219647,
        "sad": 0.22201347228793536,
        "inspired": 0.017637791974170862,
        "satisfied": 0.03845159641829451,
        "frustrated": 0.020371242372656133,
        "contemplative": 0.015224322303584371,
        "mixed": 0.6022691956911623
      },
      "intensity": 1.0,
      "metadata": {
        "source": "rule-based",
        "confidence": 0.6022691956911623,
        "context_length": 0,
        "pattern_strength": 1.02,
        "mixed_emotion_info": {
          "is_mixed": true,
          "detected_patterns": [],
          "top_emotions": [
            {
              "emotion": "mixed",
              "score": 0.6022691956911623
            },
            {
              "emotion": "sad",
              "score": 0.22201347228793536
            },
            {
              "emotion": "happy",
              "score": 0.08403237895219647
            }
          ]
        }
      }
    },
    {
      "phrase": "It's a bittersweet moment, finishing this chapter of my life",
      "expected": "mixed",
      "detected": "mixed",
      "correct": true,
      "expected_emotions": [
        "happy",
        "sad"
      ],
      "top_emotions": [
        "satisfied",
        "frustrated",
        "happy"
      ],
      "match_rate": 0.5,
      "emotions": {
        "happy": 0.023725674893671268,
        "satisfied": 0.07729608092982687,
        "frustrated": 0.02555991407254739,
        "mixed": 0.8734183301039545
      },
      "intensity": 1.0,
      "metadata": {
        "source": "rule-based",
        "confidence": 0.8734183301039545,
        "context_length": 0,
        "pattern_strength": 1.0199999999999998,
        "mixed_emotion_info": {
          "is_mixed": true,
          "detected_patterns": [],
          "top_emotions": [
            {
              "emotion": "mixed",
              "score": 0.8734183301039545
            },
            {
              "emotion": "satisfied",
              "score": 0.07729608092982687
            },
            {
              "emotion": "frustrated",
              "score": 0.02555991407254739
            }
          ]
        }
      }
    },
    {
      "phrase": "Looking at old photos makes me smile and sigh at the same time",
      "expected": "mixed",
      "detected": "happy",
      "correct": false,
      "expected_emotions": [
        "happy",
        "sad"
      ],
      "top_emotions": [
        "happy",
        "frustrated"
      ],
      "match_rate": 0.5,
      "emotions": {
        "happy": 0.89767808645266,
        "frustrated": 0.10232191354734002
      },
      "intensity": 1.0,
      "metadata": {
        "source": "rule-based",
        "confidence": 0.89767808645266,