{
  "timestamp": "2025-04-05T10:40:13.950462",
  "summary": {
    "total": 13,
    "correct": 6,
    "wrong": 7,
    "mixed_correct": 5,
    "mixed_wrong": 5,
    "non_mixed_correct": 1,
    "non_mixed_wrong": 2,
    "time_taken": 4.840456962585449,
    "accuracy": 0.46153846153846156,
    "mixed_accuracy": 0.5,
    "non_mixed_accuracy": 0.3333333333333333
  },
  "results": [
    {
      "phrase": "While I am excited about the new project, I am also nervous about the tight deadline",
      "expected": "mixed",
      "detected": "mixed",
      "correct": true,
      "expected_emotions": [
        "happy",
        "fearful"
      ],
      "top_emotions": [
        "fearful",
        "happy",
        "excited"
      ],
      "match_rate": 1.0,
      "emotions": {
        "happy": 0.19556017493174677,
        "angry": 0.026271964292119965,
        "fearful": 0.24458918770908541,
        "disgusted": 0.020301063316638158,
        "confused": 0.022689423706830886,
        "excited": 0.06005020409627422,
        "anxious": 0.029854504877409056,
        "calm": 0.008359261365674536,
        "embarrassed": 0.008359261365674536,
        "amused": 0.028148533170128536,
        "inspired": 0.02644256146284802,
        "satisfied": 0.046061236096573976,
        "frustrated": 0.02132464634100647,
        "contemplative": 0.02132464634100647,
        "mixed": 0.24066333092698292
      },
      "intensity": 0.4402605378763537,
      "metadata": {
        "source": "rule-based",
        "confidence": 0.24458918770908541,
        "context_length": 0,
        "pattern_strength": 1.02,
        "mixed_emotion_info": {
          "is_mixed": true,
          "detected_patterns": [
            {
              "pattern": "excitement-anxiety",
              "keywords1": [
                "excited"
              ],
              "keywords2": [
                "nervous",
                "deadline"
              ],
              "context_cues": [
                "while",
                "also"
              ],
              "weight": 9.5
            }
          ],
          "top_emotions": [
            {
              "emotion": "fearful",
              "score": 0.24458918770908541
            },
            {
              "emotion": "mixed",
              "score": 0.24066333092698292
            },
            {
              "emotion": "happy",
              "score": 0.19556017493174677
            }
          ]
        }
      }
    },
    {
      "phrase": "The bittersweet feeling of graduating - proud of my accomplishments but sad to leave friends behind",
      "expected": "mixed",
      "detected": "mixed",
      "correct": true,
      "expected_emotions": [
        "proud",
        "sad"
      ],
      "top_emotions": [
        "sad",
        "proud",
        "happy"
      ],
      "match_rate": 1.0,
      "emotions": {
        "happy": 0.08460081375437119,
        "sad": 0.2909700053815058,
        "angry": 0.06809128449192837,
        "fearful": 0.01225231653053687,
        "anxious": 0.00953277982886997,
        "bored": 0.022243152934029932,
        "grateful": 0.011121576467014966,
        "lonely": 0.012710373105159961,
        "proud": 0.09382224329325023,
        "amused": 0.01929253060604637,
        "inspired": 0.02496680431370707,
        "satisfied": 0.06468672026733194,
        "frustrated": 0.017022821122982094,
        "mixed": 0.2686865779032651
      },
      "intensity": 0.5237460096867104,
      "metadata": {
        "source": "rule-based",
        "confidence": 0.2909700053815058,
        "context_length": 0,
        "pattern_strength": 1.02,
        "mixed_emotion_info": {
          "is_mixed": true,
          "detected_patterns": [
            {
              "pattern": "bittersweet",
              "keywords1": [
                "proud",
                "accomplishments"
              ],
              "keywords2": [
                "sad",
                "bittersweet",
                "leave",
                "behind",
                "end"
              ],
              "context_cues": [
                "but",
                "bittersweet"
              ],
              "weight": 11.4
            },
            {
              "pattern": "angry-disappointment",
              "keywords1": [
                "sad"
              ],
              "keywords2": [
                "bitter"
              ],
              "context_cues": [
                "but"
              ],
              "weight": 11.4
            }
          ],
          "top_emotions": [
            {
              "emotion": "sad",
              "score": 0.2909700053815058
            },
            {
              "emotion": "mixed",
              "score": 0.2686865779032651
            },
            {
              "emotion": "proud",
              "score": 0.09382224329325023
            }
          ]
        }
      }
    },
    {
      "phrase": "I feel both happy that I won and sorry for my opponent",
      "expected": "mixed",
      "detected": "mixed",
      "correct": true,
      "expected_emotions": [
        "happy",
        "sad"
      ],
      "top_emotions": [
        "sad",
        "happy",
        "satisfied"
      ],
      "match_rate": 1.0,
      "emotions": {
        "happy": 0.08348144750760679,
        "sad": 0.22370586887952845,
        "inspired": 0.017420080654433366,
        "satisfied": 0.03732874425950007,
        "frustrated": 0.019908663605066705,
        "contemplative": 0.014931497703800029,
        "mixed": 0.6032236973900647
      },
      "intensity": 1.0,
      "metadata": {
        "source": "rule-based",
        "confidence": 0.6032236973900647,
        "context_length": 0,
        "pattern_strength": 1.02,
        "mixed_emotion_info": {
          "is_mixed": true,
          "detected_patterns": [],
          "top_emotions": [
            {
              "emotion": "mixed",
              "score": 0.6032236973900647
            },
            {
              "emotion": "sad",
              "score": 0.22370586887952845
            },
            {
              "emotion": "happy",
              "score": 0.08348144750760679
            }
          ]
        }
      }
    },
    {
      "phrase": "It's a bittersweet moment, finishing this chapter of my life",
      "expected": "mixed",
      "detected": "mixed",
      "correct": true,
      "expected_emotions": [
        "happy",
        "sad"
      ],
      "top_emotions": [
        "satisfied",
        "frustrated",
        "happy"
      ],
      "match_rate": 0.5,
      "emotions": {
        "happy": 0.023210217232365916,
        "satisfied": 0.0746390138099932,
        "frustrated": 0.02478004213890956,
        "mixed": 0.8773707268187313
      },
      "intensity": 1.0,
      "metadata": {
        "source": "rule-based",
        "confidence": 0.8773707268187313,
        "context_length": 0,
        "pattern_strength": 1.02,
        "mixed_emotion_info": {
          "is_mixed": true,
          "detected_patterns": [],
          "top_emotions": [
            {
              "emotion": "mixed",
              "score": 0.8773707268187313
            },
            {
              "emotion": "satisfied",
              "score": 0.0746390138099932
            },
            {
              "emotion": "frustrated",
              "score": 0.02478004213890956
            }
          ]
        }
      }
    },
    {
      "phrase": "Looking at old photos makes me smile and sigh at the same time",
      "expected": "mixed",
      "detected": "happy",
      "correct": false,
      "expected_emotions": [
        "happy",
        "sad"
      ],
      "top_emotions": [
        "happy",
        "frustrated"
      ],
      "match_rate": 0.5,
      "emotions": {
        "happy": 0.8991091321170357,
        "frustrated": 0.1008908678829643
      },
      "intensity": 1.0,
      "metadata": {
        "source": "rule-based",
        "confidence": 0.8991091321170357,
        "context_length": 0,