{"cpu": [15.3, 36.4], "memory": [77.3, 75.3], "timestamp": [1743625805.3755553, 1743628329.208967]}